Smiles,MinEnergy
C#CC=CC#C,18.4291
C1=CC=CC=C1,22.8029
C1C2CC3CC1CC(C2)C3,14.5147
C1C=CCC=C1,15.2887
C1CCC2CCCCC2C1,22.9403
C1CCCCC1,-1.8234
C=C=C=C,1.78654
C=C=C=CC#C,3.19813
CC,-4.95896
CC#CC,11.4235
CC#CC#C,11.737
CC=C,0.944508
CC=CC,1.93199
CC=CC#C,8.69063
CC=CC#CC#CC,22.4999
CC=COSN=C,3.12477
CCC,-4.85105
CCC=CC,0.948372
CCCC,-4.85021
CCCC(C)C,1.25887
CCCCC,-4.88384
CCN(C)SOC,9.37656
CCONCS,1.72438
CNOSC,0.115909
CNSO,2.25915
CNSOC=CC#C,10.4916
COSNC#C,11.92
OSNC=C,9.09811
