Smiles,MinEnergy,OptTime
C1CC1,0.62969,0.345349
C1CCCCC1,-5.04189,7.92539
CC1(C)CC1,24.3431,1.7295
CC1C2CC21,16.6399,1.41023
CC1CC(C)CC(C)C1,22.1005,50.2472
CC1CC1,0.285943,0.700393
CC1CC1C,7.76289,2.49484
CC1CCC1,8.13242,1.37234
CC1CCCC(C)C1,3.43076,20.7866
CCCCC,-8.44673,1.90847
